{
  "config": {
    "name": "ctx4_residual_focal_pw15",
    "context_len": 4,
    "widths": [
      64,
      64,
      64,
      64
    ],
    "kernel_t": 5,
    "kernel_b": 3,
    "dropout": 0.1,
    "model_type": "residual",
    "loss_type": "focal",
    "pos_weight_scale": 1.5,
    "focal_gamma": 1.5,
    "batch_size": 256,
    "epochs": 10,
    "patience": 3,
    "lr": 0.001,
    "weight_decay": 0.0001
  },
  "best_threshold": 0.7500000000000002,
  "rows": [
    {
      "accuracy": 0.7692272383007046,
      "tp_obstacle": 3685,
      "tn_non_obstacle": 63347,
      "fp_obstacle": 19449,
      "fn_obstacle": 661,
      "precision_obstacle": 0.15928935765539898,
      "recall_obstacle": 0.8479061205706396,
      "f1_obstacle": 0.26819505094614265,
      "precision_non_obstacle": 0.9896731658542682,
      "recall_non_obstacle": 0.7650973476979565,
      "f1_non_obstacle": 0.8630146317539032,
      "positive_rate_pred": 0.26547473669052124,
      "positive_rate_true": 0.04987262189388275,
      "threshold": 0.4,
      "false_positive_rate_non_obstacle": 0.23490265230204357,
      "false_negative_rate_obstacle": 0.15209387942936034
    },
    {
      "accuracy": 0.7894700603612494,
      "tp_obstacle": 3587,
      "tn_non_obstacle": 65209,
      "fp_obstacle": 17587,
      "fn_obstacle": 759,
      "precision_obstacle": 0.16940587512987626,
      "recall_obstacle": 0.825356649792913,
      "f1_obstacle": 0.2811128526645768,
      "precision_non_obstacle": 0.9884944215377153,
      "recall_non_obstacle": 0.7875863568288323,
      "f1_non_obstacle": 0.8766771530746685,
      "positive_rate_pred": 0.24298271536827087,
      "positive_rate_true": 0.04987262189388275,
      "threshold": 0.42500000000000004,
      "false_positive_rate_non_obstacle": 0.21241364317116768,
      "false_negative_rate_obstacle": 0.174643350207087
    },
    {
      "accuracy": 0.8106883018521494,
      "tp_obstacle": 3503,
      "tn_non_obstacle": 67142,
      "fp_obstacle": 15654,
      "fn_obstacle": 843,
      "precision_obstacle": 0.18285744114422928,
      "recall_obstacle": 0.806028531983433,
      "f1_obstacle": 0.2980896055822661,
      "precision_non_obstacle": 0.9876002059277782,
      "recall_non_obstacle": 0.8109328953089521,
      "f1_non_obstacle": 0.8905896631538456,
      "positive_rate_pred": 0.21983659267425537,
      "positive_rate_true": 0.04987262189388275,
      "threshold": 0.45000000000000007,
      "false_positive_rate_non_obstacle": 0.18906710469104787,
      "false_negative_rate_obstacle": 0.19397146801656695
    },
    {
      "accuracy": 0.8309425994354043,
      "tp_obstacle": 3396,
      "tn_non_obstacle": 69014,
      "fp_obstacle": 13782,
      "fn_obstacle": 950,
      "precision_obstacle": 0.19769472581208522,
      "recall_obstacle": 0.781408191440405,
      "f1_obstacle": 0.3155547296041628,
      "precision_non_obstacle": 0.9864215882453833,
      "recall_non_obstacle": 0.8335426832214117,
      "f1_non_obstacle": 0.9035611416601204,
      "positive_rate_pred": 0.19712652266025543,
      "positive_rate_true": 0.04987262189388275,
      "threshold": 0.4750000000000001,
      "false_positive_rate_non_obstacle": 0.16645731677858833,
      "false_negative_rate_obstacle": 0.21859180855959504
    },
    {
      "accuracy": 0.8521034633127539,
      "tp_obstacle": 3299,
      "tn_non_obstacle": 70955,
      "fp_obstacle": 11841,
      "fn_obstacle": 1047,
      "precision_obstacle": 0.2178996036988111,
      "recall_obstacle": 0.7590888173032674,
      "f1_obstacle": 0.33860207328338293,
      "precision_non_obstacle": 0.9854587372572984,
      "recall_non_obstacle": 0.8569858447267984,
      "f1_non_obstacle": 0.916743110376103,
      "positive_rate_pred": 0.17373941838741302,
      "positive_rate_true": 0.04987262189388275,
      "threshold": 0.5000000000000001,
      "false_positive_rate_non_obstacle": 0.1430141552732016,
      "false_negative_rate_obstacle": 0.24091118269673262
    },
    {
      "accuracy": 0.8708200408528608,
      "tp_obstacle": 3199,
      "tn_non_obstacle": 72686,
      "fp_obstacle": 10110,
      "fn_obstacle": 1147,
      "precision_obstacle": 0.24036366368622736,
      "recall_obstacle": 0.7360791532443627,
      "f1_obstacle": 0.3623902577173605,
      "precision_non_obstacle": 0.9844649411509758,
      "recall_non_obstacle": 0.8778926518189285,
      "f1_non_obstacle": 0.9281295290144226,
      "positive_rate_pred": 0.15272773802280426,
      "positive_rate_true": 0.04987262189388275,
      "threshold": 0.5250000000000001,
      "false_positive_rate_non_obstacle": 0.12210734818107155,
      "false_negative_rate_obstacle": 0.2639208467556374
    },
    {
      "accuracy": 0.8874939753505772,
      "tp_obstacle": 3086,
      "tn_non_obstacle": 74252,
      "fp_obstacle": 8544,
      "fn_obstacle": 1260,
      "precision_obstacle": 0.2653482373172829,
      "recall_obstacle": 0.7100782328578003,
      "f1_obstacle": 0.38632949424136204,
      "precision_non_obstacle": 0.9833139103718614,
      "recall_non_obstacle": 0.8968066090149283,
      "f1_non_obstacle": 0.9380700912145943,
      "positive_rate_pred": 0.13346032798290253,
      "positive_rate_true": 0.04987262189388275,
      "threshold": 0.5500000000000002,
      "false_positive_rate_non_obstacle": 0.10319339098507174,
      "false_negative_rate_obstacle": 0.28992176714219975
    },
    {
      "accuracy": 0.9025842877143054,
      "tp_obstacle": 3002,
      "tn_non_obstacle": 75651,
      "fp_obstacle": 7145,
      "fn_obstacle": 1344,
      "precision_obstacle": 0.2958509904405243,
      "recall_obstacle": 0.6907501150483203,
      "f1_obstacle": 0.4142689574277238,
      "precision_non_obstacle": 0.982544321059809,
      "recall_non_obstacle": 0.9137035605584811,
      "f1_non_obstacle": 0.9468743546257299,
      "positive_rate_pred": 0.11644212901592255,
      "positive_rate_true": 0.04987262189388275,
      "threshold": 0.5750000000000002,
      "false_positive_rate_non_obstacle": 0.08629643944151891,
      "false_negative_rate_obstacle": 0.3092498849516797
    },
    {
      "accuracy": 0.9138302999701636,
      "tp_obstacle": 2866,
      "tn_non_obstacle": 76767,
      "fp_obstacle": 6029,
      "fn_obstacle": 1480,
      "precision_obstacle": 0.322203485103991,
      "recall_obstacle": 0.6594569719282098,
      "f1_obstacle": 0.4328978173853938,
      "precision_non_obstacle": 0.981085536825693,
      "recall_non_obstacle": 0.9271824725832166,
      "f1_non_obstacle": 0.953372701700788,
      "positive_rate_pred": 0.1020747721195221,
      "positive_rate_true": 0.04987262189388275,
      "threshold": 0.6000000000000002,
      "false_positive_rate_non_obstacle": 0.07281752741678342,
      "false_negative_rate_obstacle": 0.34054302807179015
    },
    {
      "accuracy": 0.9259025498611462,
      "tp_obstacle": 2758,
      "tn_non_obstacle": 77927,
      "fp_obstacle": 4869,
      "fn_obstacle": 1588,
      "precision_obstacle": 0.3616100694899698,
      "recall_obstacle": 0.6346065347445927,
      "f1_obstacle": 0.4607032489768646,
      "precision_non_obstacle": 0.980028925359995,
      "recall_non_obstacle": 0.9411928112469201,
      "f1_non_obstacle": 0.9602183462611898,
      "positive_rate_pred": 0.08752381056547165,
      "positive_rate_true": 0.04987262189388275,
      "threshold": 0.6250000000000002,
      "false_positive_rate_non_obstacle": 0.05880718875307986,
      "false_negative_rate_obstacle": 0.3653934652554073
    },
    {
      "accuracy": 0.9354387092332056,
      "tp_obstacle": 2637,
      "tn_non_obstacle": 78879,
      "fp_obstacle": 3917,
      "fn_obstacle": 1709,
      "precision_obstacle": 0.40234971010070186,
      "recall_obstacle": 0.606764841233318,
      "f1_obstacle": 0.48385321100917433,
      "precision_non_obstacle": 0.9787933687397627,
      "recall_non_obstacle": 0.9526909512536837,
      "f1_non_obstacle": 0.965565783675268,
      "positive_rate_pred": 0.0752105787396431,