epoch,train_loss,train_acc,val_loss,val_acc,best_val_loss
1,0.049127370176733146,0.9854012347443682,0.03363084342432098,0.990472146911587,0.03363084342432098
