{
  "confusion_matrix": [
    [
      1583840,
      5335,
      0
    ],
    [
      29641,
      157388,
      0
    ],
    [
      0,
      0,
      1945130
    ]
  ],
  "per_class_recall": [
    0.9966429122028726,
    0.8415165562559817,
    1.0
  ],
  "overall_accuracy": 0.9906012198851272,
  "best_epoch": 2,
  "best_val_loss": 0.06721244349684898,
  "num_train_samples": 588717,
  "num_val_samples": 218902
}